idx,url,section_title,sec_type,identifier,repository,input_text,decision,corrected_identifier
38,https://www.ncbi.nlm.nih.gov/pmc/articles/PMC5659845,Materials and methods > Comparison of different microarray experiments regarding similarities,unknown,GSM1816552,GEO,Materials and methods > Comparison of different microarray experiments regarding similarities Data from our arrays were compared to publicly available experiments investigating RNAi against sbp-1 and sams-1 ( GSM1816551 - GSM1816559 ) [ 33 ]. The corresponding CEL-files were obtained from the GEO repository [ 34 ]. Expression values were extracted and normalized with RMADataConv and RMAExpress [ 35 ]. Similarly we obtained the CEL-files and result files for the response of N2 nematodes to pathog,k,GSM1816552
38,https://www.ncbi.nlm.nih.gov/pmc/articles/PMC5659845,Materials and methods > Comparison of different microarray experiments regarding similarities,unknown,GSM1816553,GEO,Materials and methods > Comparison of different microarray experiments regarding similarities Data from our arrays were compared to publicly available experiments investigating RNAi against sbp-1 and sams-1 ( GSM1816551 - GSM1816559 ) [ 33 ]. The corresponding CEL-files were obtained from the GEO repository [ 34 ]. Expression values were extracted and normalized with RMADataConv and RMAExpress [ 35 ]. Similarly we obtained the CEL-files and result files for the response of N2 nematodes to pathog,k,GSM1816553
38,https://www.ncbi.nlm.nih.gov/pmc/articles/PMC5659845,Materials and methods > Comparison of different microarray experiments regarding similarities,unknown,GSM1816554,GEO,Materials and methods > Comparison of different microarray experiments regarding similarities Data from our arrays were compared to publicly available experiments investigating RNAi against sbp-1 and sams-1 ( GSM1816551 - GSM1816559 ) [ 33 ]. The corresponding CEL-files were obtained from the GEO repository [ 34 ]. Expression values were extracted and normalized with RMADataConv and RMAExpress [ 35 ]. Similarly we obtained the CEL-files and result files for the response of N2 nematodes to pathog,k,GSM1816554
38,https://www.ncbi.nlm.nih.gov/pmc/articles/PMC5659845,Materials and methods > Comparison of different microarray experiments regarding similarities,unknown,GSM1816555,GEO,Materials and methods > Comparison of different microarray experiments regarding similarities Data from our arrays were compared to publicly available experiments investigating RNAi against sbp-1 and sams-1 ( GSM1816551 - GSM1816559 ) [ 33 ]. The corresponding CEL-files were obtained from the GEO repository [ 34 ]. Expression values were extracted and normalized with RMADataConv and RMAExpress [ 35 ]. Similarly we obtained the CEL-files and result files for the response of N2 nematodes to pathog,k,GSM1816555
38,https://www.ncbi.nlm.nih.gov/pmc/articles/PMC5659845,Materials and methods > Comparison of different microarray experiments regarding similarities,unknown,GSM1816556,GEO,Materials and methods > Comparison of different microarray experiments regarding similarities Data from our arrays were compared to publicly available experiments investigating RNAi against sbp-1 and sams-1 ( GSM1816551 - GSM1816559 ) [ 33 ]. The corresponding CEL-files were obtained from the GEO repository [ 34 ]. Expression values were extracted and normalized with RMADataConv and RMAExpress [ 35 ]. Similarly we obtained the CEL-files and result files for the response of N2 nematodes to pathog,k,GSM1816556
38,https://www.ncbi.nlm.nih.gov/pmc/articles/PMC5659845,Materials and methods > Comparison of different microarray experiments regarding similarities,unknown,GSM1816557,GEO,Materials and methods > Comparison of different microarray experiments regarding similarities Data from our arrays were compared to publicly available experiments investigating RNAi against sbp-1 and sams-1 ( GSM1816551 - GSM1816559 ) [ 33 ]. The corresponding CEL-files were obtained from the GEO repository [ 34 ]. Expression values were extracted and normalized with RMADataConv and RMAExpress [ 35 ]. Similarly we obtained the CEL-files and result files for the response of N2 nematodes to pathog,k,GSM1816557
38,https://www.ncbi.nlm.nih.gov/pmc/articles/PMC5659845,Materials and methods > Comparison of different microarray experiments regarding similarities,unknown,GSM1816558,GEO,Materials and methods > Comparison of different microarray experiments regarding similarities Data from our arrays were compared to publicly available experiments investigating RNAi against sbp-1 and sams-1 ( GSM1816551 - GSM1816559 ) [ 33 ]. The corresponding CEL-files were obtained from the GEO repository [ 34 ]. Expression values were extracted and normalized with RMADataConv and RMAExpress [ 35 ]. Similarly we obtained the CEL-files and result files for the response of N2 nematodes to pathog,k,GSM1816558
40,https://www.ncbi.nlm.nih.gov/pmc/articles/PMC5659845,Data Availability,notes,GSM2816665,Gene Expression Omnibus,Data Availability All relevant data are available from the Gene Expression Omnibus repository under series GSE105030 with the samples GSM2816664 to GSM2816669..,k,GSM2816665
40,https://www.ncbi.nlm.nih.gov/pmc/articles/PMC5659845,Data Availability,notes,GSM2816666,Gene Expression Omnibus,Data Availability All relevant data are available from the Gene Expression Omnibus repository under series GSE105030 with the samples GSM2816664 to GSM2816669..,k,GSM2816666
40,https://www.ncbi.nlm.nih.gov/pmc/articles/PMC5659845,Data Availability,notes,GSM2816667,Gene Expression Omnibus,Data Availability All relevant data are available from the Gene Expression Omnibus repository under series GSE105030 with the samples GSM2816664 to GSM2816669..,k,GSM2816667
40,https://www.ncbi.nlm.nih.gov/pmc/articles/PMC5659845,Data Availability,notes,GSM2816668,Gene Expression Omnibus,Data Availability All relevant data are available from the Gene Expression Omnibus repository under series GSE105030 with the samples GSM2816664 to GSM2816669..,k,GSM2816668
200,https://www.ncbi.nlm.nih.gov/pmc/articles/PMC6514073,Materials and methods > Bioinformatics,unknown,Yin et al. dataset,n/a,"Materials and methods > Bioinformatics To assess overlap of mass spectrometric data sets, data sets were downloaded from supplementary material of the referenced original papers: from Lee et al. (2016) [ 20 ] GR and PR interactors with a Saint cutoff of > 0.9 were taken; from Lin et al. [ 22 ] the PR interactome common to both methods was used; for Boeynaems et al. [ 5 ] the PFA crosslinked data set was used; for Lopez-Gonzalez et al. [ 23 ] the non-RNAse-treated data set was used; the Yin et al",d,
243,https://www.ncbi.nlm.nih.gov/pmc/articles/PMC10482845,Data availability,data-availability,GSE41306,Gene Expression Omnibus,Data availability The miRNA microarray data generated by Trajkovski et al. ( GSE 41306 ) 35 and by us ( GSE 217222 ) are deposited at the Gene Expression Omnibus repository. Source data are provided in this paper..,k,GSE41306
243,https://www.ncbi.nlm.nih.gov/pmc/articles/PMC10482845,Data availability,data-availability,GSE217222,Gene Expression Omnibus,Data availability The miRNA microarray data generated by Trajkovski et al. ( GSE 41306 ) 35 and by us ( GSE 217222 ) are deposited at the Gene Expression Omnibus repository. Source data are provided in this paper..,k,GSE217222
360,https://www.ncbi.nlm.nih.gov/pmc/articles/PMC7613290,Data Availability,data-availability,Schizosaccharomyces pombe genome,PomBase, Data Availability The publicly accessible PomBase database https://www.pombase.org was used to obtain genome sequence and annotation for the Schizosaccharomyces pombe (fission yeast) genome..,k,Schizosaccharomyces pombe genome
379,https://www.ncbi.nlm.nih.gov/pmc/articles/PMC9837615,STAR★METHODS,unknown,PXD029921,PRIDE, STAR★METHODS The RNA-seq data have been deposited to the Gene Expression Omnibus (GEO). The IP-MS data have been deposited to the ProteomeXchange Consortium via the PRIDE. Accession numbers are listed in the key resources table ..,d,
388,https://www.ncbi.nlm.nih.gov/pmc/articles/PMC9945973,Results > UBR-5 Regulates SWI/SNF Protein Levels.,unknown,PXD029921,PRIDE,"Results > UBR-5 Regulates SWI/SNF Protein Levels. To determine how UBR-5 and HECD-1 regulate protein levels in animals, we similarly obtained mass spectrometry proteomics data of wild-type animals and ubr-5 single and hecd-1 single mutants. When comparing protein levels of SWI/SNF subunits, we found that SWSN-7 and PHF-10 are significantly up-regulated (FDR < 0.05) by 11 and 23%, respectively, in ubr-5 single mutants compared to wild-type animals ( SI Appendix , Table S1 ) and that SWSN-3 is sig",d,
511,https://www.ncbi.nlm.nih.gov/pmc/articles/PMC4326333,Methods > Total RNA extraction and microarray analysis,unknown,EST data from Bacillus subtilis Genome Sequencing Project,Institut Pasteur,"Methods > Total RNA extraction and microarray analysis This design was completed as a custom design for Genencor International, Inc. in June 1998 and made available broadly in 2002. EST data used in the experimental design was from the Bacillus subtilis Genome Sequencing Project of the Institut Pasteur 10.1, December 1997. Each treatment was repeated three times..",k,EST data from Bacillus subtilis Genome Sequencing Project
541,https://www.ncbi.nlm.nih.gov/pmc/articles/PMC8052419,,,E-MTAB-8556,ArrayExpress,"Data availability             All the six FFPE samples (PN#) were out of the archives at the Department of Veterinary Medicine—University of Milan—Organismo Preposto al Benessere degli Animali OPBA-56–2016 approval; all methods were carried out following relevant guidelines and regulations. All the genomics data that support the findings of this study are available through the 99Lives Initiative, are published in the NCBI SRA and the accession numbers are also available in the Supplementary mate",k,E-MTAB-8556
543,https://www.ncbi.nlm.nih.gov/pmc/articles/PMC8052419,Data availability,data-availability,E-MTAB-8556,ArrayExpress,"Data availability All the miRNAs sequencing data in fastq format are available on the ArrayExpress database at EMBL-EBI ( www.ebi.ac.uk/arrayexpress/ ), under the accession number E-MTAB- 8556..",k,E-MTAB-8556
821,https://www.ncbi.nlm.nih.gov/pmc/articles/PMC10374246,,,MAVS −/− hMSCs,Aging Atlas,"Data Availability             The study’s sequencing data were submitted to the Genome Sequence Archive [           95  ] in the National Genomics Data Center, China National Center for Bioinformation, Chinese Academy of Sciences, with accession number HRA004255. The LC-MS/MS data have been deposited via the iProX partner repository [  95  96  ] to the ProteomeXchange Consortium (  96  http://proteomecentral.proteomexchange.org  ) under accession number PXD041140. The DEGs identified in   http:/",k,MAVS −/− hMSCs
874,https://www.ncbi.nlm.nih.gov/pmc/articles/PMC9458645,Methods and materials > Enrichment analyses,unknown,MsigDB v7.0,MsigDB,"Methods and materials > Enrichment analyses As in our prior description [ 30 ], the overrepresentation of cell-type-specific DEGs in GWAS phenotypes canonical pathways, gene ontologies, hallmark gene sets, microRNA targets, and transcription factor targets was determined by comparing cluster-specific DEGs, from all clusters with at least 50 DEGs in either the acute or chronic treatment group, from both treatment groups to GWAS Catalog Molecular and Signatures Database (MsigDB) v7.0 [ 34 ] using ",k,MsigDB v7.0
912,https://www.ncbi.nlm.nih.gov/pmc/articles/PMC9171396,Funding,unknown,No. 22074158,National Natural Science Foundation of China,"Funding This study was supported by the National Natural Science Foundation of China (No. 32088101, 22074158 and 21904008), the National Key R&D Program of China (No. 2021YFA1302604 and 2021YFA1301601), and the National Key Laboratory of Proteomics Grants SKLP-K201706 and 2021-NCPSB-003..",d,
912,https://www.ncbi.nlm.nih.gov/pmc/articles/PMC9171396,Funding,unknown,No. 21904008,National Natural Science Foundation of China,"Funding This study was supported by the National Natural Science Foundation of China (No. 32088101, 22074158 and 21904008), the National Key R&D Program of China (No. 2021YFA1302604 and 2021YFA1301601), and the National Key Laboratory of Proteomics Grants SKLP-K201706 and 2021-NCPSB-003..",d,
912,https://www.ncbi.nlm.nih.gov/pmc/articles/PMC9171396,Funding,unknown,No. 2021YFA1301601,National Key R&D Program of China,"Funding This study was supported by the National Natural Science Foundation of China (No. 32088101, 22074158 and 21904008), the National Key R&D Program of China (No. 2021YFA1302604 and 2021YFA1301601), and the National Key Laboratory of Proteomics Grants SKLP-K201706 and 2021-NCPSB-003..",d,
927,https://www.ncbi.nlm.nih.gov/pmc/articles/PMC9928017,4. Discussion,conclusions,PXD029921,PRIDE,"4. Discussion Our study is strengthened by the use of an HPLC column, which is associated with minimal disruption of the native condition of the samples, simple procedure, reproducible results, and high capacity [ 36 ]. A second methodological strength in the present study was the use of MS with Orbitrap Elite ™ , characterized by a high resolution as well as high scan speeds [ 17 ]. More importantly, the major strength of this study is the detailed mapping of the PBMC proteome. Most proteomic T",d,
964,https://www.ncbi.nlm.nih.gov/pmc/articles/PMC9081911,For more information,unknown,PolyPhen-2,PolyPhen-2,"For more information The URLs for data presented in this article are as follows: 1,000 genomes, http://www.1000genomes.org Clinvar, https://www.ncbi.nlm.nih.gov/clinvar dbSNP, http://www.ncbi.nlm.nih.gov/projects/SNP Ensembl, http://www.ensembl.org gnomAD database, https://gnomad.broadinstitute.org Human genome build (GRCh37/hg19), https://www.ncbi.nlm.nih.gov/grc Human Splice Finder, http://www.umd.be/HSF3 Online Mendelian Inheritance in Man (OMIM), http://www.omim.org PolyPhen‐2, http://geneti",k,PolyPhen-2
1059,https://www.ncbi.nlm.nih.gov/pmc/articles/PMC5064990,Data,unknown,PXD029921,PRIDE,"Data The MCF7 proteome data described in this manuscript include: (a) mass spectrometry RAW files deposited in PRIDE; (b) processed RAW files with the Thermo Electron Discoverer 1.4 software; (c) processed data with the DAVID (Database for Annotation, Visualization and Integrated Discovery [3] , [4] ) software package; and (d) processed data with the Cytoscape visualization tool set [5] . Fig. 1 , Fig. 2 , Fig. 3 , Fig. 4 provide the sample preparation protocol, representative base-peak chromato",d,
1132,https://www.ncbi.nlm.nih.gov/pmc/articles/PMC11290456,METHOD DETAILS > LC-MS/MS,unknown,PXD029921,PRIDE,"METHOD DETAILS > LC-MS/MS EVs were lysed in NP-40 lysis buffer and 2 μg of total protein was separated on a 10% SDS-PAGE gel and silver stained. Proteins were digested using trypsin as described. 85 Peptide extracts were concentrated by Vacufuge (Eppendorf). Peptides were analyzed by LC-MS/MS using a Dionex Ultimate 3000 RLSC nano HPLC (Thermo Scientific) and Orbitrap Fusion Lumos mass spectrometer (Thermo Scientific) at the Ottawa Hospital Research Institute Proteomics Core Facility (Ottawa, Ca",d,
1170,https://www.ncbi.nlm.nih.gov/pmc/articles/PMC9506422,Statistics and bioinformatics > Gene set enrichment analysis,unknown,MSigDB v.7.4,Molecular Signatures Database,"Statistics and bioinformatics > Gene set enrichment analysis Pre‐ranked GSEA (pGSEA) was performed via the ‘GSEA’ function of the clusterProfiler R package for all six subtype comparisons. As input, the hallmark, 46 KEGG, 47 Reactome, 48 Gene Ontology biological process 49 , 50 and oncogenic curated gene sets were used, downloaded from the Molecular Signatures Database (MSigDB) v.7.4, 51 , 52 as well as a ranked list of genes/proteins (based on the multiplication of the FC and −log 10 ( p ‐value",k,MSigDB v.7.4
1215,https://www.ncbi.nlm.nih.gov/pmc/articles/PMC3795667,Materials and Methods > Data analysis,unknown,DAVID 6.7,Functional Annotation Clustering tool,"Materials and Methods > Data analysis DAVID (version 6.7) [ 40 , 41 ] was used for the functional annotation of potential gene targets. The Biological Process Gene Ontology (GO) was analyzed using the Functional Annotation Clustering tool with the default Rattus norvegicus background. The resulting Annotation Clusters were named in a way that best described their GO terms..",k,DAVID 6.7
1296,https://www.ncbi.nlm.nih.gov/pmc/articles/PMC10652125,"LC-MS/MS, Proteomic Data Handling and Bioinformatic Analysis > Bioinformatic Processing and Data Analysis",unknown,STRING version 11.5,STRING database,"LC-MS/MS, Proteomic Data Handling and Bioinformatic Analysis > Bioinformatic Processing and Data Analysis Gene Ontology (GO) Cellular Component annotation enrichment analysis was performed using the SynGO and UniProt databases. DAVID GO analysis including the Reactome Pathway Database was used to functionally annotate genes implicated in biological functions, using an FDR threshold of 0.05. The regulated proteins and phosphorylation were searched against the STRING database (version 11.5) and Bi",k,STRING version 11.5
1333,https://www.ncbi.nlm.nih.gov/pmc/articles/PMC8603205,Experimental Procedures > Database Search,unknown,CyanoBase_Synechocystis,CyanoBase,"Experimental Procedures > Database Search The raw MS files were searched against the Synechocystis proteome sequence database appended with 248 common contaminations using the software MaxQuant (version 1.5.4.1) ( 25 ). The database containing 3672 entries was downloaded from CyanoBase ( ftp://ftp.kazusa.or.jp/pub/CyanoBase/ Synechocystis , released on 5/11/2009). The type of LC–MS run was set as reporter ion MS2, and TMT 6-plex was chosen as the isobaric labels. Trypsin/P was set as the proteas",k,CyanoBase_Synechocystis
1422,https://www.ncbi.nlm.nih.gov/pmc/articles/PMC4720416,Experimental procedures > ,unknown,P. putida BIRD-1,National Center for Biotechnology Information,"Experimental procedures >  Peak lists were generated with the mascot daemon software (version 2.3.2; Matrix Science) using the extract_msn.exe data import filter (Thermo Fisher Scientific) from the xcalibur FT package (version 2.0.7; Thermo Fisher Scientific). Data import filter options were set to 400 (minimum mass), 5000 (maximum mass), 0 (grouping tolerance), 0 (intermediate scans) and 1000 (threshold) as described previously (Christie‐Oleza et al ., 2012a ). The mgf files from each sample we",k,P. putida BIRD-1
1536,https://www.ncbi.nlm.nih.gov/pmc/articles/PMC9792897,,,GEO: GSE190306,GEO,"REAGENT or RESOURCE	SOURCE	IDENTIFIER Antibodies  Sheep anti-digoxigenin fluorescein fab fragments	Roche	Cat#: 11207741910; RRID: AB_514498 Rabbit anti-sheep antibodies fluorescein	Vector Labs	Cat#: FI-6000,; RRID: AB_2336218 Streptavidin-555	Thermo Fisher Scientific	Cat#: S32355; RRID: AB_2571525 Rabbit anti-Rad21 antibody	Abcam	Cat#: ab992; RRID: AB_2176601 Chicken anti-GFP antibody	Abcam	Cat#: ab13970; RRID: AB_300798 , 1:2000 Mouse anti-mCherry	Abcam	Cat#: ab125096; RRID: AB_11133266 Goat an",k,GEO: GSE190306
1595,https://www.ncbi.nlm.nih.gov/pmc/articles/PMC7567827,Methods > Spectral and assay library generation,unknown,not applicable,Trans-Proteomic Pipeline (TPP),"Methods > Spectral and assay library generation All DDA wiff files were converted to profile mzML files using the ABSciex MS Data Converter version 1.3 beta. The Trans-Proteomic Pipeline (TPP) 15 (5.2.0) was used for the analysis of the shotgun proteomics runs. The datasets were searched with Comet 16 (2017.01r1) against the full nonredundant, canonical human proteome from UniProtKB/Swiss-Prot (2018_07) with 20,270 ORFs and appended contaminants, shuffled decoy sequences and iRT peptides (Biogno",d,
1595,https://www.ncbi.nlm.nih.gov/pmc/articles/PMC7567827,Methods > Spectral and assay library generation,unknown,not applicable,Trans-Proteomic Pipeline (TPP),"Methods > Spectral and assay library generation All DDA wiff files were converted to profile mzML files using the ABSciex MS Data Converter version 1.3 beta. The Trans-Proteomic Pipeline (TPP) 15 (5.2.0) was used for the analysis of the shotgun proteomics runs. The datasets were searched with Comet 16 (2017.01r1) against the full nonredundant, canonical human proteome from UniProtKB/Swiss-Prot (2018_07) with 20,270 ORFs and appended contaminants, shuffled decoy sequences and iRT peptides (Biogno",d,
1688,https://www.ncbi.nlm.nih.gov/pmc/articles/PMC5830451,Results > Sensitivity and proteome coverage,unknown,PXD029921,PRIDE,"Results > Sensitivity and proteome coverage In the second database, a total of >5000 proteins in HeLa cells were quantified using a histone-based “proteomic ruler” and label-free quantification based on MS intensities 20 . Two thousand eight hundred and ninety-two of these proteins matched the proteins identified in our 10–14-cell samples, and the distribution of copy numbers per cell is shown in Fig. 3b . As expected, our results are somewhat biased to high-abundance proteins due to the use of ",d,
1693,https://www.ncbi.nlm.nih.gov/pmc/articles/PMC10176268,Method details > Proteomic analysis,unknown,PXD029921,PRIDE,"Method details > Proteomic analysis Peptides were analyzed using a Thermo Orbitrap Fusion mass spectrometer operating at 120,000 resolution (FWHM in MS1) with HCD sequencing (15,000 resolution) at top speed for all peptides with a charge of 2+ or greater. The raw data were converted into ∗.mgf format (Mascot generic format) for searching using the Mascot 2.6.2 search engine (Matrix Science) against Mouse Uniprot sequences (2020). The database search results were loaded onto Scaffold Q+ Scaffold_",d,
1856,https://www.ncbi.nlm.nih.gov/pmc/articles/PMC11237943,,,BMRB 52262,BioMagResBank,Data availability             All data are contained within the manuscript.             The MS proteomics data have been deposited in PRIDE/ProteomeXchange with the accession numbers PXD048062 and PXD048064.             The Bulk RNA-seq data has been deposited in Gene Expression Omnibus with assigned Gene Expression Omnibus accession number              .  GSE264373  GSE264373  GSE264373  The NMR data generated in this study have been deposited in the BioMagResBank database under accession code ,k,BMRB 52262
1883,https://www.ncbi.nlm.nih.gov/pmc/articles/PMC10390045,Data availability,data-availability,EGAS00893672193,European Genome Archive, Data availability The following previously published datasets were used:.,d,
1883,https://www.ncbi.nlm.nih.gov/pmc/articles/PMC10390045,Data availability,data-availability,PXD029921,PRIDE, Data availability The following previously published datasets were used:.,d,
1883,https://www.ncbi.nlm.nih.gov/pmc/articles/PMC10390045,Data availability,data-availability,phs011366.v1.p1,dbGaP, Data availability The following previously published datasets were used:.,d,
2058,https://www.ncbi.nlm.nih.gov/pmc/articles/PMC9742198,,,PDB: 8A94,PDB,Data and code availability                            •  The spike-specific single HC and LC sequences of the mAbs have been deposited in GenBank and are publicly available as of the date of publication. Accession numbers are listed in the   key resources table  . Repertoire data are available from SciLifeLab Data Repository:   key resources table  http://doi.org/10.17044/scilifelab.19317512  . The HDX data have been deposited to the ProteomeXchange Consortium via the PRIDE  http://doi.org/10.17,k,PDB: 8A94
2058,https://www.ncbi.nlm.nih.gov/pmc/articles/PMC9742198,,,PDB: 8A96,PDB,Data and code availability                            •  The spike-specific single HC and LC sequences of the mAbs have been deposited in GenBank and are publicly available as of the date of publication. Accession numbers are listed in the   key resources table  . Repertoire data are available from SciLifeLab Data Repository:   key resources table  http://doi.org/10.17044/scilifelab.19317512  . The HDX data have been deposited to the ProteomeXchange Consortium via the PRIDE  http://doi.org/10.17,k,PDB: 8A96
2058,https://www.ncbi.nlm.nih.gov/pmc/articles/PMC9742198,,,EMD: EMD-15273,EMBD,Data and code availability                            •  The spike-specific single HC and LC sequences of the mAbs have been deposited in GenBank and are publicly available as of the date of publication. Accession numbers are listed in the   key resources table  . Repertoire data are available from SciLifeLab Data Repository:   key resources table  http://doi.org/10.17044/scilifelab.19317512  . The HDX data have been deposited to the ProteomeXchange Consortium via the PRIDE  http://doi.org/10.17,k,EMD: EMD-15273
2058,https://www.ncbi.nlm.nih.gov/pmc/articles/PMC9742198,,,EMD: EMD-15269,EMBD,Data and code availability                            •  The spike-specific single HC and LC sequences of the mAbs have been deposited in GenBank and are publicly available as of the date of publication. Accession numbers are listed in the   key resources table  . Repertoire data are available from SciLifeLab Data Repository:   key resources table  http://doi.org/10.17044/scilifelab.19317512  . The HDX data have been deposited to the ProteomeXchange Consortium via the PRIDE  http://doi.org/10.17,k,EMD: EMD-15269
2058,https://www.ncbi.nlm.nih.gov/pmc/articles/PMC9742198,,,EMD: EMD-15271,EMBD,Data and code availability                            •  The spike-specific single HC and LC sequences of the mAbs have been deposited in GenBank and are publicly available as of the date of publication. Accession numbers are listed in the   key resources table  . Repertoire data are available from SciLifeLab Data Repository:   key resources table  http://doi.org/10.17044/scilifelab.19317512  . The HDX data have been deposited to the ProteomeXchange Consortium via the PRIDE  http://doi.org/10.17,k,EMD: EMD-15271
2059,https://www.ncbi.nlm.nih.gov/pmc/articles/PMC9742198,,,"GenBank: OP497961-OP497964, ON086918-ON086947",GenBank,REAGENT or RESOURCE	SOURCE	IDENTIFIER Antibodies  Goat Anti-Human IgG(H+L)-HRP	Southern Biotech	Cat#2015-05; RRID:AB_2795588 BD Pharmingen™ FITC Mouse Anti-Human CD3ε	BD Bioscience	Cat#556611; RRID:AB_396484 BD Pharmingen™ FITC Mouse Anti-Human CD14	BD Bioscience	Cat#557153; RRID:AB_396589 BD Horizon™ BV421 Mouse Anti-Human CD20	BD Bioscience	Cat#562873; RRID:AB_2737857 BD Pharmingen™ PE-Cy™7 Mouse Anti-Human CD27	BD Bioscience	Cat#560609; RRID:AB_1727456 BD Horizon™ PE-CF594 Mouse Anti-Human Ig,k,"GenBank: OP497961-OP497964, ON086918-ON086947"
2059,https://www.ncbi.nlm.nih.gov/pmc/articles/PMC9742198,,,SciLifeLab Data Repository: 10.17044/scilifelab.19317512,SciLifeLab Data Repository,REAGENT or RESOURCE	SOURCE	IDENTIFIER Antibodies  Goat Anti-Human IgG(H+L)-HRP	Southern Biotech	Cat#2015-05; RRID:AB_2795588 BD Pharmingen™ FITC Mouse Anti-Human CD3ε	BD Bioscience	Cat#556611; RRID:AB_396484 BD Pharmingen™ FITC Mouse Anti-Human CD14	BD Bioscience	Cat#557153; RRID:AB_396589 BD Horizon™ BV421 Mouse Anti-Human CD20	BD Bioscience	Cat#562873; RRID:AB_2737857 BD Pharmingen™ PE-Cy™7 Mouse Anti-Human CD27	BD Bioscience	Cat#560609; RRID:AB_1727456 BD Horizon™ PE-CF594 Mouse Anti-Human Ig,k,SciLifeLab Data Repository: 10.17044/scilifelab.19317512
2059,https://www.ncbi.nlm.nih.gov/pmc/articles/PMC9742198,,,"PDB: 8A99, 8A94, 8A96, EMDB: EMD-15273, EMD-15269, EMD-15271",PDB and EMDB,REAGENT or RESOURCE	SOURCE	IDENTIFIER Antibodies  Goat Anti-Human IgG(H+L)-HRP	Southern Biotech	Cat#2015-05; RRID:AB_2795588 BD Pharmingen™ FITC Mouse Anti-Human CD3ε	BD Bioscience	Cat#556611; RRID:AB_396484 BD Pharmingen™ FITC Mouse Anti-Human CD14	BD Bioscience	Cat#557153; RRID:AB_396589 BD Horizon™ BV421 Mouse Anti-Human CD20	BD Bioscience	Cat#562873; RRID:AB_2737857 BD Pharmingen™ PE-Cy™7 Mouse Anti-Human CD27	BD Bioscience	Cat#560609; RRID:AB_1727456 BD Horizon™ PE-CF594 Mouse Anti-Human Ig,e,"PDB::8A99, PDB::8A94,PDB::8A96, EMDB::EMD-15273, EMDB:EMD-15269, EMDB::EMD-15271"
2059,https://www.ncbi.nlm.nih.gov/pmc/articles/PMC9742198,,,Mendeley Data: 10.17632/mg7p5msrfs.1,Mendeley Data,REAGENT or RESOURCE	SOURCE	IDENTIFIER Antibodies  Goat Anti-Human IgG(H+L)-HRP	Southern Biotech	Cat#2015-05; RRID:AB_2795588 BD Pharmingen™ FITC Mouse Anti-Human CD3ε	BD Bioscience	Cat#556611; RRID:AB_396484 BD Pharmingen™ FITC Mouse Anti-Human CD14	BD Bioscience	Cat#557153; RRID:AB_396589 BD Horizon™ BV421 Mouse Anti-Human CD20	BD Bioscience	Cat#562873; RRID:AB_2737857 BD Pharmingen™ PE-Cy™7 Mouse Anti-Human CD27	BD Bioscience	Cat#560609; RRID:AB_1727456 BD Horizon™ PE-CF594 Mouse Anti-Human Ig,e,10.17632/mg7p5msrfs.1
2075,https://www.ncbi.nlm.nih.gov/pmc/articles/PMC11334222,,,GSExxxxxx,NCBI GEO,                            Data and code availability                                                                                   All data reported in this paper will be shared by the lead contact upon request.                                                       RNA-seq data and Mass Spec data have been deposited at                    https://www.ncbi.nlm.nih.gov/geo/   and   https://www.ncbi.nlm.nih.gov/geo/  https://www.proteomexchange.org/   and are publically available as of this pu,d,
2075,https://www.ncbi.nlm.nih.gov/pmc/articles/PMC11334222,,,PXDxxxxxx,ProteomeXchange,                            Data and code availability                                                                                   All data reported in this paper will be shared by the lead contact upon request.                                                       RNA-seq data and Mass Spec data have been deposited at                    https://www.ncbi.nlm.nih.gov/geo/   and   https://www.ncbi.nlm.nih.gov/geo/  https://www.proteomexchange.org/   and are publically available as of this pu,d,
2118,https://www.ncbi.nlm.nih.gov/pmc/articles/PMC10997908,Results > Altered BM T-cell composition is associated with remission status,unknown,CITE-seq data,publicly available data,"Results > Altered BM T-cell composition is associated with remission status (A) UMAP highlighting CR and REL cells (green, REL; blue, CR). (B) Absolute numbers of cells across CD3 + T-cell types. The different colors indicate REL (green) and CR (blue) samples. (C) Differential abundance per cell type, within the CD3 + population. The bars represent the log2 odds ratios (Fisher exact test, P value after Bonferroni correction; n.s., not significant; ∗∗∗ P < .0001). (D) (Left) Scaled expression (z-",k,CITE-seq data
2259,https://www.ncbi.nlm.nih.gov/pmc/articles/PMC11079016,Methods > Computational analyses,unknown,MSigDB v5.1,Molecular Signatures Database (MSigDB),"Methods > Computational analyses Computational analysis and predictions were performed using the R language and environment for statistical computing (version 3.01) and Bioconductor (version 2.221). For Gene Set Enrichment Analysis (GSEA), we used the entire proteomic expression dataset. Gene sets from Molecular signatures database (MSigDB, https://www.broadinstitute.org/gsea/msigdb/index.jsp ) v5.1 were used for GSEA (H: 50 hallmark gene sets; CS: KEGG: 186 canonical pathways from Kyoto Encyclo",k,MSigDB v5.1
2360,https://www.ncbi.nlm.nih.gov/pmc/articles/PMC5812927,"MATERIALS AND METHODS > Metagenome sequencing, assembly, and binning.",unknown,SILVA v.123,SILVA database,"MATERIALS AND METHODS > Metagenome sequencing, assembly, and binning. Scaffolds containing 16S rRNA genes, 23S rRNA genes, or dsrAB were identified by a blastn search ( 63 ) against the respective SILVA reference databases, v.123 ( 64 ), or a dsrAB reference database ( 37 ). Coverage of scaffolds was determined in CLC using 100% identity over the full length of quality-trimmed reads. This was done for each sequenced replicate separately for statistical analysis and, in addition, by using pooled ",k,SILVA v.123
2417,https://www.ncbi.nlm.nih.gov/pmc/articles/PMC6518875,Discussion,unknown,sRNA-Seq data,sRNA-Seq,"Discussion We found significantly increased expression of let‐7b in CIN3 compared to controls in the discovery set, while its expression was found downregulated in CIN3 and SCC in the validation set. Interestingly, reduced expression of let‐7b in SCC was also observed in cervical tissue specimens, for which we have miRNA microarray data. 30 Since miRNA probes used in microarrays are designed to detect the canonical miRNA sequence as listed in miRBase, 46 and do not bind to all isomiRs as detecte",d,
2545,https://www.ncbi.nlm.nih.gov/pmc/articles/PMC4406733,Materials and Methods > Bioinformatics analysis of proteins differential abundance,unknown,DAVID 6.7,"Database for Annotation, Visualization and Integrated Discovery","Materials and Methods > Bioinformatics analysis of proteins differential abundance Gene Ontology (GO) distribution for all of the proteins that were significantly altered in hepatic samples of ammonia-exposed chickens were classified using Blast2GO software ( http://www.blast2go.com/ ) and WEGO ( http://wego.genomics.org.cn ) that were provided by the Institute for Genomic Research [ 26 , 27 ]. Database for Annotation, Visualization and Integrated Discovery (DAVID) 6.7 ( http://david.abcc.ncifcr",e,http://david.abcc.ncifcrf.gov/::DAVID 6.7
2597,https://www.ncbi.nlm.nih.gov/pmc/articles/PMC8467347,4. Materials and Methods > 4.6. Comparative Proteomic Analysis,unknown,STRING v11.0,STRING,"4. Materials and Methods > 4.6. Comparative Proteomic Analysis In addition, DEPs were sent to the Search Tool for the Retrieval of Interacting Genes/Proteins (STRING; https://string-db.org/ , accessed on 1 June 2021; v11.0) to build a functional protein association network..",e,https://string-db.org/::STRING v11.0
2601,https://www.ncbi.nlm.nih.gov/pmc/articles/PMC5495070,Methods > Data analysis,unknown,3' UTR extensions,Not specified,"Methods > Data analysis Analysis of the RNA-seq data from iCLIP libraries was conducted using iCOUNT ( König et al. 2010 ) and motif analysis was performed using DREME ( Bailey 2011 ). For more information concerning iCLIP data analysis, see Supplemental Methods . Reannotation of the zebrafish transcriptome was accomplished by 3′ UTR extensions as previously described ( Ulitsky et al. 2012 ). Translation efficiency (TE) was calculated using the processed data from Lee et al. (2013) as ribosome p",d,
2643,https://www.ncbi.nlm.nih.gov/pmc/articles/PMC7455494,RESULTS > Low levels of Integrator components correlate with poorer survival and response to chemotherapy,unknown,GSE6532.1,GEO,"RESULTS > Low levels of Integrator components correlate with poorer survival and response to chemotherapy We subsequently performed a similar analysis using multiple Affymetrix gene expression cancer datasets, including two colorectal cancer cohorts ( GSE33113 and GSE39582 ) and two breast cancer cohorts, one of which is split into two Gene Expression Omnibus (GEO) submissions ( GSE9195 , GSE6532 .1, and GSE6532 .2). Again, a significant correlation between low expression levels of Integrator su",k,GSE6532.1
2643,https://www.ncbi.nlm.nih.gov/pmc/articles/PMC7455494,RESULTS > Low levels of Integrator components correlate with poorer survival and response to chemotherapy,unknown,GSE6532.2,GEO,"RESULTS > Low levels of Integrator components correlate with poorer survival and response to chemotherapy We subsequently performed a similar analysis using multiple Affymetrix gene expression cancer datasets, including two colorectal cancer cohorts ( GSE33113 and GSE39582 ) and two breast cancer cohorts, one of which is split into two Gene Expression Omnibus (GEO) submissions ( GSE9195 , GSE6532 .1, and GSE6532 .2). Again, a significant correlation between low expression levels of Integrator su",k,GSE6532.2
2658,https://www.ncbi.nlm.nih.gov/pmc/articles/PMC8233286,Materials and methods > Mass spectrometry analysis,unknown,Perseus 1.6.10.0,n/a,"Materials and methods > Mass spectrometry analysis The proteinGroups.txt result file (Sup. Tab. 1) derived from the MaxQuant search was further analysed using Perseus (version 1.6.10.0) [ 33 ]. The LFQ intensities from all biological and technical replicates (GFP, wt, miR2_W538S mutant, 18 columns in total) were loaded as the main columns. The protein list was filtered for reversed hits, contaminants, and “only identified by site” entries. Further requirements for protein inclusion included mini",d,
2670,https://www.ncbi.nlm.nih.gov/pmc/articles/PMC9451529,Mass spectrometry > Data analysis,unknown,dbGaP,STRING,"Mass spectrometry > Data analysis Gene ontology analysis and pathway analysis were facilitated using a database for annotation, visualization and integrated discovery version 6.8 (Kalra et al., 2012 ) and Kyoto Encyclopedia of Genes and Genomes (Huang et al., 2008 ). Protein‐protein interaction network analysis was performed using STRING databases (Kanehisa et al., 2021 ) and visualized using Cytoscape and BioRender..",e,"STRING::STRING, KEGG::Kyoto Encyclopedia of Genes and Genomes, DAVID::version 6.8"
2679,https://www.ncbi.nlm.nih.gov/pmc/articles/PMC10184823,Results > External validation of common DEPs,unknown,GSE2411,Gene Expression Omnibus,"Results > External validation of common DEPs Similarly, the 15 genes that showed significant differences in GSE 2411 were mostly consistent with the above results, except for three upregulated genes, Retnla, Ngp, and C1qc ( Figure 5B ). Collectively, the results of the external validation confirmed that the proteomic data were highly reliable..",k,GSE2411
2691,https://www.ncbi.nlm.nih.gov/pmc/articles/PMC9072346,Methods > Quantification and statistical analysis,unknown,GraphPad Prism 9.3.1,GraphPad Software,"Methods > Quantification and statistical analysis Data are represented as the mean ± standard error of the mean (SEM) of four biological replicates. Bar graphs and line graphs were generated using GraphPad Prism version 9.3.1 for Windows, GraphPad Software, San Diego, California USA, http://www.graphpad.com . Heatmaps, volcano plots, and Venn diagrams were produced in R using the pheatmap 75 , ggVennDiagram 76 , and ggplot 77 functions, respectively. Statistical analysis was performed using Grap",k,GraphPad Prism 9.3.1
2791,https://www.ncbi.nlm.nih.gov/pmc/articles/PMC7615535,Results > A non-invasive marker confirms impaired glutathione metabolism in,unknown,[18 F]FSPG,n/a,"Results > A non-invasive marker confirms impaired glutathione metabolism in The biosynthesis of glutathione is dependent on cellular import of cystine in exchange for glutamate efflux via the cystine/glutamate antiporter system x c − , a transmembrane transport system ( Figure 2A ) ( 31 ). Cystine is subsequently reduced to cysteine for de novo glutathione biosynthesis ( 25 ). Metabolic reprogramming in cancer cells generate oxidative stress, which is balanced by increased glutathione biosynthes",d,
2851,https://www.ncbi.nlm.nih.gov/pmc/articles/PMC9224893,Data Availability Statement,data-availability,GSE132298,NCBI GEO,"Data Availability Statement Transcriptome datasets are available under NCBI GEO https://www.ncbi.nlm.nih.gov/geo/dataset (accessed on 29 May 2022) accession numbers GSE 132298 and GSE198173 . Mitochondrial proteome and hepatocyte proteome data are available at the ProteomeXchange Consortium via the PRIDE partner repository, with the dataset identifier PXD032211 and PXD032214..",k,GSE132298
2855,https://www.ncbi.nlm.nih.gov/pmc/articles/PMC9224893,4.4. Molecular Analyses > 4.4.2. Gene Expression and Trancriptome Analysis,unknown,GSE132298,NCBI GEO,"4.4. Molecular Analyses > 4.4.2. Gene Expression and Trancriptome Analysis Genome-wide expression analyses were performed with RNA from isolated primary hepatocytes using MTA arrays (Thermo Fisher Scientific, Germany) as described [ 58 , 59 ]. Datasets are available under NCBI GEO https://www.ncbi.nlm.nih.gov/geo/dataset , (accessed on 29 May 2022) accession numbers GSE 132298 and GSE198173 . The gene expression was examined in the total RNA extracted from cultured primary murine hepatocytes by ",k,GSE132298
2856,https://www.ncbi.nlm.nih.gov/pmc/articles/PMC9224893,Data Availability Statement,data-availability,GSE132298,NCBI GEO,"Data Availability Statement Transcriptome datasets are available under NCBI GEO https://www.ncbi.nlm.nih.gov/geo/dataset (accessed on 29 May 2022) accession numbers GSE 132298 and GSE198173 . Mitochondrial proteome and hepatocyte proteome data are available at the ProteomeXchange Consortium via the PRIDE partner repository, with the dataset identifier PXD032211 and PXD032214..",k,GSE132298
2979,https://www.ncbi.nlm.nih.gov/pmc/articles/PMC10163259,,,AF-Q5H943-F1,AlphaFold Protein Structure Database,"Data availability             The TCGA publicly available data used in this study are available via (           https://portal.gdc.cancer.gov/  )  https://portal.gdc.cancer.gov/  , molecular and clinical data for the TNBC samples were obtained from a previous publication  19  19  . The association of   20  20  KK-LC-1   mRNA expression and clinical outcomes could be achieved via (  http://kmplot.com  )  http://kmplot.com  . The mRNA seq data generated in this study have been deposited in the GSA",k,AF-Q5H943-F1
3105,https://www.ncbi.nlm.nih.gov/pmc/articles/PMC9465852,Methods > CPEB1-4 RNA-IP(RIP)-Seq,unknown,X. laevis genome UCSC version 9.2,UCSC,"Methods > CPEB1-4 RNA-IP(RIP)-Seq Finally, an equimolar pool was generated with all the samples and sequenced in two 50-nt single-read lanes of a HiSeq 2500 Sequencer (Illumina). Raw FastQ files were aligned against the X. laevis genome (UCSC version 9.2, excluding chrUn chromosomes), with Bowtie2 2.2.2 [ 52 ], considering 1 mismatch and reporting best alignment site per read. FastQC v011 was used to perform a quality control overview of FastQ files and aligned BAM files. Principal component ana",e,UCSC Genome Browser::xenLae2
3266,https://www.ncbi.nlm.nih.gov/pmc/articles/PMC8145422,2. Materials and Methods > 2.6. In Silico Functional Proteome Annotation,unknown,InterPro version 5.33,InterPro consortium,"2. Materials and Methods > 2.6. In Silico Functional Proteome Annotation Based on our previously published de novo hybrid genome assembly and RAST annotation [ 13 ], the predicted proteome of the E. roggenkampii ST232 isolate was functionally annotated in silico. First, InterPro Scan version 5.33 [ 20 ] was used against the InterPro consortium database version 72 [ 21 ] to detect all known protein domains. Subsequently, a search for all domains related to PBPs and/or β-lactamases was performed. ",d,
3326,https://www.ncbi.nlm.nih.gov/pmc/articles/PMC11035372,,,GEO: GSE231534,GEO,"REAGENT or RESOURCE	SOURCE	IDENTIFIER Antibodies  Fas2	Developmental Studies Hybridoma Bank	Cat#1D4; RRID:  AB_528235 GFP	Invitrogen	Cat#A-11122; RRID:  AB_221569 Glutamine synthetase (GS)	Millipore-Sigma	Cat#MAB302; RRID:  AB_2110656 HA	Invitrogen	Cat#MA5-27915; RRID:  AB_2744968 β-Tubulin	BioLegend	Cat#903401; RRID:  AB_2565030 Goat Anti-Mouse IgG, Cy3	Jackson ImmunoResearch	Cat#115-165-003; RRID:  AB_2338680 Donkey Anti-Rabbit IgG, Cy5	Jackson ImmunoResearch	Cat#711-175-152; RRID:  AB_2340607",e,GEO::GSE231534
3452,https://www.ncbi.nlm.nih.gov/pmc/articles/PMC8996547,Methods > Evaluating machine learning models,unknown,Laursiatheria,n/a,"Methods > Evaluating machine learning models We defined a clade-specific OCR in a tissue as an OCR whose ortholog is open in that tissue in every species within a clade for which we have data and closed in that tissue in every other species for which we have data, and we defined a species-specific OCR in a tissue as an OCR whose ortholog is open in that tissue in a species for which we have data and is closed in that tissue in the single most closely related species (there were no ties) for whic",d,
3532,https://www.ncbi.nlm.nih.gov/pmc/articles/PMC4707178,"Experimental design, materials and methods > Proteomic data analysis",unknown,PXD029921,ProteomXchange,"Experimental design, materials and methods > Proteomic data analysis This enables statistical analysis based on the search output files as provided in the ProteomXchange and described in detail in Table 2 ..",d,
3604,https://www.ncbi.nlm.nih.gov/pmc/articles/PMC7053513,,,GSE110712,GEO,Data Availability Statement             The datasets generated for this study can be found in the GEO database with the accession number G           SE110712  ; ProteomeXchange Consortium with the dataset identifier   SE110712  PXD015605  .  PXD015605 .,e,GEO::GSE110712:
3628,https://www.ncbi.nlm.nih.gov/pmc/articles/PMC10668077,Materials and methods > Protein-protein interaction network analysis,unknown,Maxquant:v1.6.15.0,Maxquant,"Materials and methods > Protein-protein interaction network analysis The number of differential protein sequences in the protein database (Maxquant: v1.6.15.0; http://www.maxquant.org/ ) screened according to a 1.2 expression difference multiplesin PHZ group vs. Control group, and then compared with those in the protein network interaction database of the Search Tool for the Retrieval of Interacting Genes/Proteins (STRING; v. 11.0; http://cn.string-db.org/ ), with a confidence score of >0.7 (hig",e,http://cn.string-db.org/::STRING v.11.0
3628,https://www.ncbi.nlm.nih.gov/pmc/articles/PMC10668077,Materials and methods > Protein-protein interaction network analysis,unknown,STRING:v.11.0,STRING,"Materials and methods > Protein-protein interaction network analysis The number of differential protein sequences in the protein database (Maxquant: v1.6.15.0; http://www.maxquant.org/ ) screened according to a 1.2 expression difference multiplesin PHZ group vs. Control group, and then compared with those in the protein network interaction database of the Search Tool for the Retrieval of Interacting Genes/Proteins (STRING; v. 11.0; http://cn.string-db.org/ ), with a confidence score of >0.7 (hig",e,http://cn.string-db.org/::STRING v.11.0
3651,https://www.ncbi.nlm.nih.gov/pmc/articles/PMC7076002,Methods > Gene set enrichment analysis (GSEA),unknown,MSigDB version 6.0,Molecular Signatures Database,Methods > Gene set enrichment analysis (GSEA) GSEA ( http://www.broadinstitute.org/gsea/ ) 15 was performed using the Molecular Signatures Database (MSigDB) version 6.0 62 . Leading edge analysis was performed in by GSEA and visualized as heat maps using Morpheus ( http://software.broadinstitute.org/morpheus/ )..,k,MSigDB version 6.0
3677,https://www.ncbi.nlm.nih.gov/pmc/articles/PMC9527456,Materials and methods > Functional analysis of the miRNAs,unknown,Diana-miRPath v3.0,Diana Lab,"Materials and methods > Functional analysis of the miRNAs The target genes of the validated miRNAs were obtained from the TarBase database, v7.0. The biological processes in which these miRNAs are involved were analyzed using the Kyoto encyclopedia of genes and genomes (KEGG) and gene ontology (GO) in terms of biological process categories employing Diana-miRPath tools v3.0 ( Vlachos et al. , 2015 ). The Fisher's exact test and false discovery rate correction were performed to select enriched KE",d,
3738,https://www.ncbi.nlm.nih.gov/pmc/articles/PMC6373471,Results > Functional categorization of GI‐TAP enriched proteins,unknown,Data S6,n/a,"Results > Functional categorization of GI‐TAP enriched proteins Gene ontology analysis was done, using the candidates in Table 3 as foreground. GO terms related to protein degradation were overrepresented among the candidates, as well as light response related terms, some metabolic processes, and flower development (Data S4 and S6 )..",d,
3774,https://www.ncbi.nlm.nih.gov/pmc/articles/PMC11042736,MATERIALS AND METHODS > RNA-seq data analysis,unknown,GitHub repository,GitHub,MATERIALS AND METHODS > RNA-seq data analysis All sequencing data and custom scripts used in the analysis are deposed at the Dryad ( https://doi.org/10.5061/dryad.sqv9s4n9w ) and the Zenodo ( https://doi.org/10.5281/zenodo.10595868 ). The custom scripts can also be found at GitHub ( https://github.com/matveykolesnik/LshCas13a_RNA_cleavage )..,e,"Dryad::10.5061/dryad.sqv9s4n9w, Zenodo::10.5281/zenodo.10595868,   https://github.com/matveykolesnik/LshCas13a_RNA_cleavage::LshCas13a_RNA_cleavage"
3836,https://www.ncbi.nlm.nih.gov/pmc/articles/PMC11293339,,,GEO: GSE221231,GEO,"REAGENT or RESOURCE	SOURCE	IDENTIFIER Antibodies  Mouse monoclonal, Anti-FLVCR1 (C-4)	Santa Cruz Biotechnology, Dallas, TX, USA	Cat# sc-390100 Rabbit polyclonal, Anti-FLVCR1	Proteintech, Rosemont, IL, USA	Cat# 26841-1-AP; RRID:AB_2880654 Mouse monoclonal, Anti-Vinculin	Sigma-Aldrich, St. Louis, MO, USA, St. Louis, MO, USA	Cat# SAB4200080; RRID:  AB_10604160 Mouse monoclonal, Anti-IP3R3	BD Biosciences, Franklin Lakes, NJ, USA	Cat# 610312; RRID:AB_397704 Rabbit polyclonal, Anti-IP3R3	Bethyl Labora",e,GEO::GSE221231
3871,https://www.ncbi.nlm.nih.gov/pmc/articles/PMC3832940,"Methods > EST sequencing, assembly, and annotation",unknown,FD476666-FD480212,dbEST,"Methods > EST sequencing, assembly, and annotation 2,220 cDNA inserts were sequenced to verify the quality of the library and to begin gene discovery. Many of the cDNAs were sequenced more than once in the 5′- and 3′- direction, yielding a set of 3,533 Ps-n ESTs. These sequences are deposited in the NCBI dbEST database [GenBank accession numbers FD476666 - FD480212 ]. (Note: Of the sequenced cDNAs, 1,889 were a subset of the 5,265 Ps-n cDNAs printed on the microarray (see below)). Sequence react",k,FD476666-FD480212
3888,https://www.ncbi.nlm.nih.gov/pmc/articles/PMC7037369,4. Materials and Methods > 4.7. Proteomic Data Analysis,unknown,not available,ProteomeXchange,4. Materials and Methods > 4.7. Proteomic Data Analysis Reviewer account details for ProteomeXchange (Username: reviewer04292@ebi.ac.uk; Password: 4FopczCR)..,d,
3926,https://www.ncbi.nlm.nih.gov/pmc/articles/PMC9222197,4. Materials and Methods > 4.12. Enrichment Analysis,unknown,GO,Gene Ontology database,"4. Materials and Methods > 4.12. Enrichment Analysis Gene enrichment and functional overrepresentation analysis were performed using FunRich software (version 3.1.3) [ 57 ]. The list of 231 proteins significantly changing their localization after VX-809 treatment was searched against the FunRich database which reports Homo sapiens data obtained from a set of publicly available resources, such as the Gene Ontology database and Uniprot..",d,
3974,https://www.ncbi.nlm.nih.gov/pmc/articles/PMC8167176,Materials and methods > Bioinformatics methods,unknown,STRING v10.5,STRING database,"Materials and methods > Bioinformatics methods Gene Ontology (GO) annotation analysis of the differentially abundant proteins was derived from the UniProt-GOA database (www. http://www.ebi.ac.uk/GOA/ ). Proteins were classified by GO annotation based on three categories: biological process (BP), cellular component (CC) and molecular function (MF). We performed statistics on the distribution of DAPs in GO secondary annotations of each group. The Kyoto Encyclopaedia of Genes and Genomes (KEGG) dat",k,STRING v10.5
4003,https://www.ncbi.nlm.nih.gov/pmc/articles/PMC9804898,Results and Discussion,unknown,PXD029921,PRIDE,"Results and Discussion The obtained results were filtered to contain only PSMs within 1 % peptide level false discovery rate (FDR), to ensure good data quality. Moreover, only spectra where MS‐Fragger was able to assign a single modification site were considered in our analysis. Out of 22102 spectra that matched the aforementioned criteria, 20 429 (92 %) were located at a cysteine residue (Figure 8 e). The remaining spectra were distributed among all other 19 proteinogenic amino acids, with none",d,
4069,https://www.ncbi.nlm.nih.gov/pmc/articles/PMC8136324,Methods > Shotgun proteomic analysis,unknown,Prochlorococcus_sp_MED4,UniProt,"Methods > Shotgun proteomic analysis 45 Subsequently, cell and extracellular proteome pellets were resuspended in 1x LDS buffer (ThermoFisher) containing 1% beta-mercaptoethanol and run on a NuPage 4–12% Bis-Tris precast polyacrylamide gels as previously done. 46 In-gel trypsin digestion and peptide recovery was performed 47 followed by a nanoLC-ESI-MS/MS analysis using an UltiMate 3000 RSLCnano System coupled to an Orbitrap Fusion (Thermo Scientific) using conditions and settings as previously ",e,UniProt::Prochlorococcus sp. MED4
4070,https://www.ncbi.nlm.nih.gov/pmc/articles/PMC8136324,Results and discussion > Identifying molecular features of nTiO,unknown,nTiO_2,n/a,"Results and discussion > Identifying molecular features of nTiO Cultures were exposed to an environmentally relevant concentration (100 μg L −1 ) of research-grade nTiO 2 previously recorded to induce a decline in average cell density in both cell dense and ambient cell densities, for a period of 24 h (7–8% decline (24 h), see Fig. 3 ). Here, experiments were carried out using cell-dense cultures only grown in Pro99 media to ensure sufficient biological material was collected. Following analysis",d,
4178,https://www.ncbi.nlm.nih.gov/pmc/articles/PMC5724358,Results > Identification of significantly changed proteins in CHB and HBV-ACLF groups,unknown,iTRAQ dataset 1,n/a,"Results > Identification of significantly changed proteins in CHB and HBV-ACLF groups With the false discovery rate (FDR) <1%, 397 and 396 proteins were identified in the 8-plex iTRAQ data set 1 and 2, respectively, resulting in a total of 427 proteins identified (Table S1 ). Of which, 364 non-redundant proteins were commonly identified across all samples by these two iTRAQ experiments. The quality of the proteomic dataset and instrumental reproducibility was evaluated. As shown in Figure 2A , t",d,
4178,https://www.ncbi.nlm.nih.gov/pmc/articles/PMC5724358,Results > Identification of significantly changed proteins in CHB and HBV-ACLF groups,unknown,iTRAQ dataset 2,n/a,"Results > Identification of significantly changed proteins in CHB and HBV-ACLF groups With the false discovery rate (FDR) <1%, 397 and 396 proteins were identified in the 8-plex iTRAQ data set 1 and 2, respectively, resulting in a total of 427 proteins identified (Table S1 ). Of which, 364 non-redundant proteins were commonly identified across all samples by these two iTRAQ experiments. The quality of the proteomic dataset and instrumental reproducibility was evaluated. As shown in Figure 2A , t",d,
4209,https://www.ncbi.nlm.nih.gov/pmc/articles/PMC10184674,MATERIALS AND METHODS > RNA-seq and analysis,unknown,DESeq v1.18.0,DESeq R package,MATERIALS AND METHODS > RNA-seq and analysis The fragments per kilobase of transcript per million mapped reads (FPKM) value of each gene was calculated based on the length of the gene and read count mapped to this gene. Differential expression analysis was performed using the DESeq R package (v1.18.0) . The resulting P -values were adjusted using the Benjamini and Hochberg approach for controlling the false discovery rate (FDR). Genes with an adjusted P -value <0.05 found by DESeq were assigned ,d,
4216,https://www.ncbi.nlm.nih.gov/pmc/articles/PMC8091538,Methods > Junction identification pipeline,unknown,RefSeq_hg38,RefSeq,"Methods > Junction identification pipeline The custom bioinformatics pipeline designed for our annotated and unannotated junction analysis (Figs. 3 , 4 , 5 , and 6 ) is shown in detail in Additional file 1 : Figure S3A. Transcriptome annotation files from RefSeq (hg38) [ 23 ], Ensembl (GRCh38.p12) [ 3 ], GENCODE (v29) [ 24 ], and CHESS (v2.1) [ 26 ] were combined to create a comprehensive reference file of all annotated introns (Additional file 2 : Table S2). Any junction that appears in our lib",e,RefSeq::hg38
4216,https://www.ncbi.nlm.nih.gov/pmc/articles/PMC8091538,Methods > Junction identification pipeline,unknown,Ensembl_GRCh38.p12,Ensembl,"Methods > Junction identification pipeline The custom bioinformatics pipeline designed for our annotated and unannotated junction analysis (Figs. 3 , 4 , 5 , and 6 ) is shown in detail in Additional file 1 : Figure S3A. Transcriptome annotation files from RefSeq (hg38) [ 23 ], Ensembl (GRCh38.p12) [ 3 ], GENCODE (v29) [ 24 ], and CHESS (v2.1) [ 26 ] were combined to create a comprehensive reference file of all annotated introns (Additional file 2 : Table S2). Any junction that appears in our lib",k,Ensembl_GRCh38.p12
4216,https://www.ncbi.nlm.nih.gov/pmc/articles/PMC8091538,Methods > Junction identification pipeline,unknown,GENCODE_v29,GENCODE,"Methods > Junction identification pipeline The custom bioinformatics pipeline designed for our annotated and unannotated junction analysis (Figs. 3 , 4 , 5 , and 6 ) is shown in detail in Additional file 1 : Figure S3A. Transcriptome annotation files from RefSeq (hg38) [ 23 ], Ensembl (GRCh38.p12) [ 3 ], GENCODE (v29) [ 24 ], and CHESS (v2.1) [ 26 ] were combined to create a comprehensive reference file of all annotated introns (Additional file 2 : Table S2). Any junction that appears in our lib",k,GENCODE_v29
4216,https://www.ncbi.nlm.nih.gov/pmc/articles/PMC8091538,Methods > Junction identification pipeline,unknown,CHESS_v2.1,CHESS,"Methods > Junction identification pipeline The custom bioinformatics pipeline designed for our annotated and unannotated junction analysis (Figs. 3 , 4 , 5 , and 6 ) is shown in detail in Additional file 1 : Figure S3A. Transcriptome annotation files from RefSeq (hg38) [ 23 ], Ensembl (GRCh38.p12) [ 3 ], GENCODE (v29) [ 24 ], and CHESS (v2.1) [ 26 ] were combined to create a comprehensive reference file of all annotated introns (Additional file 2 : Table S2). Any junction that appears in our lib",k,CHESS_v2.1
4303,https://www.ncbi.nlm.nih.gov/pmc/articles/PMC11232385,MATERIALS AND METHODS > RNA-Seq analysis,unknown,Hallmark Pathways v7.0,n/a,"MATERIALS AND METHODS > RNA-Seq analysis Differential gene expression (DGE) was performed using DESeq2 (v1.33.4) ( 42 ). Differentially expressed genes were defined as Benjamini Hochberg adjusted P values < 0.05 and |Log2FoldChange| > 1. GSEA was performed using fgsea package (v1.12.0) with -nperm = 10,000 parameter. Ranks used were derived from DGE analysis with DESeq2. The gene sets were Hallmark Pathways (v7.0) and Canonical Pathways (v7.0), including KEGG, BIOCARTA, REACTOME, and WIKIPATHWAY",k,Hallmark Pathways v7.0
4303,https://www.ncbi.nlm.nih.gov/pmc/articles/PMC11232385,MATERIALS AND METHODS > RNA-Seq analysis,unknown,Canonical Pathways v7.0,n/a,"MATERIALS AND METHODS > RNA-Seq analysis Differential gene expression (DGE) was performed using DESeq2 (v1.33.4) ( 42 ). Differentially expressed genes were defined as Benjamini Hochberg adjusted P values < 0.05 and |Log2FoldChange| > 1. GSEA was performed using fgsea package (v1.12.0) with -nperm = 10,000 parameter. Ranks used were derived from DGE analysis with DESeq2. The gene sets were Hallmark Pathways (v7.0) and Canonical Pathways (v7.0), including KEGG, BIOCARTA, REACTOME, and WIKIPATHWAY",k,Canonical Pathways v7.0
4442,https://www.ncbi.nlm.nih.gov/pmc/articles/PMC8897422,Methods > DNA constructs and mutagenesis,unknown,NM_014741.3-2259s21c1,Sigma,"Methods > DNA constructs and mutagenesis The following pGIPZ shRNAs were used: control shRNA, GCT TCT AAC ACC GGA GGT CTT; human ULK1 shRNA, TGC AAA GAA AAA CAC ACG T (targeting non-coding region); mouse ULK1 shRNA, AGT CTG CGT ACC ACC TGC T (not recognizing human ULK1); KDM5C shRNA #1, TTC ATA GGG ATA AAC AAT G; KDM5C shRNA #2, TTA TTA CAA CAT GAA CCC A; PRMT5 shRNA, AGT GTG TCA GCT ATT TCG G; HIF1α shRNA, TAT AAA TAG ACT GCT TTA G; Beclin 1 shRNA, AAA ATT GTG AGG ACA CCC A. Atg13 shRNA was pur",k,NM_014741.3-2259s21c1
4463,https://www.ncbi.nlm.nih.gov/pmc/articles/PMC6613042,,,PXD010379,PRIDE,Data and Code Availability                                           Gene Ontology Analysis                 Gene Ontology Analysis was performed using STRING: functional protein association networks (               https://string-db.org/  ) for the proteomic dataset. For the RNA seq datasets a combination of DAVID Functional Annotation Bioinformatics Microarray Analysis (  https://string-db.org/  https://david.ncifcrf.gov/  ) and PANTHER - Gene List Analysis (  https://david.ncifcrf.gov/  http:/,k,PXD010379
4464,https://www.ncbi.nlm.nih.gov/pmc/articles/PMC6613042,Data and Code Availability > Repository Information and Accession Numbers,unknown,PXD:010379,PRIDE,Data and Code Availability > Repository Information and Accession Numbers The mass spectrometry proteomics data have been deposited to the ProteomeXchange Consortium via the PRIDE partner repository with the dataset identifier PXD: 010379..,e,PXD010379
4551,https://www.ncbi.nlm.nih.gov/pmc/articles/PMC10176933,Molecular classification > Gene set enrichment analysis (GSEA),unknown,MSigDB 7.4,Molecular Signature Database (MSigDB),"Molecular classification > Gene set enrichment analysis (GSEA) Unsupervised analysis was performed using GSEA software version 4.1.0 (release July 2020) and Molecular Signature Database (MSigDB) 7.4 hallmark gene sets [release April 2021, 13]..",k,MSigDB 7.4
4591,https://www.ncbi.nlm.nih.gov/pmc/articles/PMC5860813,EXPERIMENTAL PROCEDURES > Notochord Sheath Cell Isolation for RNA Sequencing,unknown,Galaxydataset,Galaxy Web platform,"EXPERIMENTAL PROCEDURES > Notochord Sheath Cell Isolation for RNA Sequencing Sequencing data were uploaded to the Galaxy Web platform, and we used the public server at https://usegalaxy.org for analysis ( Afgan et al., 2016 ). Reads were mapped to the GRCz10 (danRer10) genome using HISAT2, and gene counts were analyzed using htseq-counts ( Kim et al., 2015 ). htseq-counts were input into DESeq2 to calculate differential expression for cell populations ( Anders et al., 2015 ; Love et al., 2014 ).",d,
4616,https://www.ncbi.nlm.nih.gov/pmc/articles/PMC9223533,"4. Materials and Methods > 4.6. Database Search, Statistical Analysis, and Bioinformatics",unknown,STRING v.10.0,STRING,"4. Materials and Methods > 4.6. Database Search, Statistical Analysis, and Bioinformatics Subcellular localisation of identified proteins was analysed by using PSORTb (version 3.0.2) ( http://www.psort.org/psortb/index.html , accessed on 23 January 2018) [ 3 ]. The protein–protein interaction (PPI) network of significantly differentially expressed proteins was analysed by STRING software v.10.0 ( http://string-db.org/ , accessed on 25 June 2018) [ 4 ]..",k,STRING v.10.0
4690,https://www.ncbi.nlm.nih.gov/pmc/articles/PMC9525122,Methods > Transcriptome sequencing and data analysis.,unknown,DESeq2 v1.16.1,Bioconductor,"Methods > Transcriptome sequencing and data analysis. The index of the reference genome was built using Hisat2 v2.0.5 ( http://daehwankimlab.github.io/hisat2/ ), and the paired-end clean reads were aligned to the reference genome using Hisat2 v2.0.5. For the quantification of gene expression level, FeatureCounts v1.5.0-p3 ( https://sourceforge.net/projects/subread/files/subread-2.0.0/ ) was used to count the read numbers mapped to each gene. The fragments per kilobase of transcript per million m",d,
4840,https://www.ncbi.nlm.nih.gov/pmc/articles/PMC11095832,STAR METHODS,unknown,PXD029921,PRIDE,"Further information and requests for resources and reagents should be directed to and will be fulfilled by the lead contact , Xian Chen ( xianc@email.unc.edu ). This study did not generate new unique reagents. RNA-Seq and MeRIP-Seq datasets have been deposited at the GEO repository and are publicly available as of the date of publication. Mass spectrometry proteomics datasets have been deposited to the ProteomeXchange Consortium via the PRIDE partner repository and are publicly available as of t",d,
4920,https://www.ncbi.nlm.nih.gov/pmc/articles/PMC7363571,Global Phosphoproteomics,unknown,PXD029921,PRIDE,"Cells were plated in media containing 2% BGS (described above) and the following day cells treated with vehicle or 8-Br-cAMP for 60 min. Cells were then collected, lysed, and subjected to tryptic digest. Samples were desalted and lyophilized, and phosphoenrichment was performed with immobilized metal affinity chromatography following established protocols ( Swaney and Villen, 2016 ). Phosphopeptides were then additionally desalted and data acquired using a Thermo Q Exactive (Thermo Fisher Scient",d,
4925,https://www.ncbi.nlm.nih.gov/pmc/articles/PMC5889923,,,NIHMS918570-supplement-7,Supplementary PDF,"<p class=""font-secondary""><em>This section collects any data citations, data availability statements, or supplementary materials included in this article.</em></p>  <div class=""caption p""> <span>1</span><p><strong>Figure S1. PL neurons projecting to the NAc, VTA and Amyg are anatomically and molecularly distinct, Related to</strong> <a class=""usa-link"" href=""#F1"">Figure 1</a>.</p> <p><strong>A.</strong> Reconstructions of injection sites (determined by maximal spread) in mice injected with CTB i",k,NIHMS918570-supplement-7
4925,https://www.ncbi.nlm.nih.gov/pmc/articles/PMC5889923,,,NIHMS918570-supplement-8,Supplementary PDF,"<p class=""font-secondary""><em>This section collects any data citations, data availability statements, or supplementary materials included in this article.</em></p>  <div class=""caption p""> <span>1</span><p><strong>Figure S1. PL neurons projecting to the NAc, VTA and Amyg are anatomically and molecularly distinct, Related to</strong> <a class=""usa-link"" href=""#F1"">Figure 1</a>.</p> <p><strong>A.</strong> Reconstructions of injection sites (determined by maximal spread) in mice injected with CTB i",k,NIHMS918570-supplement-8
4925,https://www.ncbi.nlm.nih.gov/pmc/articles/PMC5889923,,,NIHMS918570-supplement-9,Supplementary PDF,"<p class=""font-secondary""><em>This section collects any data citations, data availability statements, or supplementary materials included in this article.</em></p>  <div class=""caption p""> <span>1</span><p><strong>Figure S1. PL neurons projecting to the NAc, VTA and Amyg are anatomically and molecularly distinct, Related to</strong> <a class=""usa-link"" href=""#F1"">Figure 1</a>.</p> <p><strong>A.</strong> Reconstructions of injection sites (determined by maximal spread) in mice injected with CTB i",k,NIHMS918570-supplement-9
4959,https://www.ncbi.nlm.nih.gov/pmc/articles/PMC5760343,Analysis of ChIP-Seq Data,unknown,MSigDB_v5.1,MSigDB,"P values of differentially enriched ChIP-seq peaks between MPL and control MEPs are calculated using DESeq2 ( Love et al., 2014 ). Peaks with at least 10 reads within the called peak region are ordered by log2-transformed fold change statistics according to DEseq2 ( Love et al., 2014 ) for downstream analysis. GSEA analysis ( Subramanian et al., 2005 ) is applied in weighted mode against the gene sets collection in MSigDB (v5.1). Gene set with size over 5000 genes or smaller than 10 genes are ex",k,MSigDB_v5.1
4961,https://www.ncbi.nlm.nih.gov/pmc/articles/PMC1489736,,,iai_74_7_4224_Deng_et_al___Supplemental_Data,n/a,"<p class=""font-secondary""><em>This section collects any data citations, data availability statements, or supplementary materials included in this article.</em></p>  <div class=""caption p""><span>[Supplemental material]</span></div>  <div class=""media p""><div class=""caption""> <a class=""usa-link"" data-ga-action=""click_feat_suppl"" href=""/articles/instance/1489736/bin/iai_74_7_4224__index.html"">iai_74_7_4224__index.html</a><sup> (793B, html) </sup> </div></div>  <div class=""caption""> <a class=""usa-li",k,iai_74_7_4224_Deng_et_al___Supplemental_Data
5054,https://www.ncbi.nlm.nih.gov/pmc/articles/PMC6125187,RESULTS | Acquired CDK4/6 inhibitor resistance is associated with rewired transcriptional programs,unknown,PXD029921,PRIDE,"A. RNAseq was performed on PDR1/2 and parental LNCaP cells treated 24h with 0.5μM PD or vehicle (CTRL). The MA plots (right) represent the log ratio (M) of PDR versus parental values over the average log intensity (A) of each transcript, which visualizes vast differences between the PDR vs parental data (red dots and inset numbers indicate significant hits, q-value<0.1). Venn diagrams show overlap between PDR1 and PDR2 of genes >1.5x differentially expressed compared to the parental cells (q-val",d,
5119,https://www.ncbi.nlm.nih.gov/pmc/articles/PMC6146045,2.4 Protein identification and quantitation,unknown,PXD029921,PRIDE,"The DDA raw files of duplicate technical repeats from each biological sample were combined and subjected to database searches using Proteome Discoverer 2.2 software (Thermo Fisher Scientific, Bremen, Germany) with the Sequest HT algorithm. The database search was conducted against a Bos taurus (41 062 entries downloaded on 4/12/2016 from National Center for Biotechnology Information non-redundant protein database) with two-missed trypsin cleavage sites allowed. The peptide precursor tolerance wa",d,
5136,https://www.ncbi.nlm.nih.gov/pmc/articles/PMC5538769,Author contributions,unknown,PXD029921,PRIDE,"GS, GC and APB designed the research. GS performed and analysed the majority of the experiments. GO, AW, KW and GC processed mass spectrometry samples and MaxQuant analysis for Figs 1 and 2 . NM and GC processed mass spectrometry samples for Appendix Fig S1 . ETD and GLN helped with some of the proteomics computational procedures and uploading data to PRIDE. DP helped with sequencing of ChIP experiments. DJF generated graphs related to ChIP‐Seq results in Figs 4 , 5 , and EV2. DJF, SJ and KH per",d,
5389,https://www.ncbi.nlm.nih.gov/pmc/articles/PMC4683213,Large-scale data integration using Bayes' rule.,unknown,uniprot/pkinfam,UniProt/Swiss-Prot Protein Knowledgebase,"We began with a list of all 521 protein kinases in the mouse genome extracted from the UniProt/Swiss-Prot Protein Knowledgebase ( http://www.uniprot.org/docs/pkinfam ), giving each an equal prior probability P ( A ) of 1/521. We then sequentially calculated revised probabilities using the following data sets: 1 ) transcriptomic data from Affymetrix microarrays in mpkCCD cells ( 39 ) ( B i = kinase i mRNA expressed), 2 ) proteomic data from mpkCCD cells ( 18 ) ( B i = kinase i protein expressed),",k,uniprot/pkinfam
5389,https://www.ncbi.nlm.nih.gov/pmc/articles/PMC4683213,Large-scale data integration using Bayes' rule.,unknown,Affymetrix_microarrays_mpkCCD,Affymetrix Microarrays,"We began with a list of all 521 protein kinases in the mouse genome extracted from the UniProt/Swiss-Prot Protein Knowledgebase ( http://www.uniprot.org/docs/pkinfam ), giving each an equal prior probability P ( A ) of 1/521. We then sequentially calculated revised probabilities using the following data sets: 1 ) transcriptomic data from Affymetrix microarrays in mpkCCD cells ( 39 ) ( B i = kinase i mRNA expressed), 2 ) proteomic data from mpkCCD cells ( 18 ) ( B i = kinase i protein expressed),",d,
5389,https://www.ncbi.nlm.nih.gov/pmc/articles/PMC4683213,Large-scale data integration using Bayes' rule.,unknown,proteomic_data_mpkCCD,Proteomic Data,"We began with a list of all 521 protein kinases in the mouse genome extracted from the UniProt/Swiss-Prot Protein Knowledgebase ( http://www.uniprot.org/docs/pkinfam ), giving each an equal prior probability P ( A ) of 1/521. We then sequentially calculated revised probabilities using the following data sets: 1 ) transcriptomic data from Affymetrix microarrays in mpkCCD cells ( 39 ) ( B i = kinase i mRNA expressed), 2 ) proteomic data from mpkCCD cells ( 18 ) ( B i = kinase i protein expressed),",d,
5389,https://www.ncbi.nlm.nih.gov/pmc/articles/PMC4683213,Large-scale data integration using Bayes' rule.,unknown,kinase_target_specificities,Target Specificity Data,"We began with a list of all 521 protein kinases in the mouse genome extracted from the UniProt/Swiss-Prot Protein Knowledgebase ( http://www.uniprot.org/docs/pkinfam ), giving each an equal prior probability P ( A ) of 1/521. We then sequentially calculated revised probabilities using the following data sets: 1 ) transcriptomic data from Affymetrix microarrays in mpkCCD cells ( 39 ) ( B i = kinase i mRNA expressed), 2 ) proteomic data from mpkCCD cells ( 18 ) ( B i = kinase i protein expressed),",d,
5389,https://www.ncbi.nlm.nih.gov/pmc/articles/PMC4683213,Large-scale data integration using Bayes' rule.,unknown,regulation_by_vasopressin,Regulatory Evidence Data,"We began with a list of all 521 protein kinases in the mouse genome extracted from the UniProt/Swiss-Prot Protein Knowledgebase ( http://www.uniprot.org/docs/pkinfam ), giving each an equal prior probability P ( A ) of 1/521. We then sequentially calculated revised probabilities using the following data sets: 1 ) transcriptomic data from Affymetrix microarrays in mpkCCD cells ( 39 ) ( B i = kinase i mRNA expressed), 2 ) proteomic data from mpkCCD cells ( 18 ) ( B i = kinase i protein expressed),",d,
5408,https://www.ncbi.nlm.nih.gov/pmc/articles/PMC8631601,Decreased M1/M2 TAM ratio compromises the benefit of ICB therapy in patients with melanoma.,unknown,TCGA skin cutaneous melanoma (SKCM),The Cancer Genome Atlas,"Myeloid cell infiltration has been associated with poor outcomes in multiple cancer types ( 26 – 31 ). However, the extent to which tumor-infiltrating myeloid cells influence the response to immunotherapy in patients with melanoma has not been explored. To address this issue, we evaluated potential correlations between the number and characteristics of tumor-infiltrating myeloid cells and the patient’s response to ICB using published transcriptomic data sets for patients with melanoma who had re",e,TCGA::TCGA-SKCM
5417,https://www.ncbi.nlm.nih.gov/pmc/articles/PMC3837936,Defining intronic and intergenic regions.,unknown,21193,n/a,"The known annotated set of S. pombe genes (7022; Ensembl version 13, as before) was used to define unambiguous antisense transcripts (i.e., those that exactly mirror known annotated genes without overlapping nearby genes), and unique accessions were assigned (“anti_xxx”; 3097). Using this augmented annotation, intergenic regions were defined (i.e., regions between known annotated and unambiguous antisense regions on each strand), and unique accessions were assigned (“inter_xxx”; 8810). Unique ac",d,
5474,https://www.ncbi.nlm.nih.gov/pmc/articles/PMC4279021,(ii) Expression vector.,unknown,Thaps3_268895,n/a,"For expression under the control of native promoters, DNA fragments, including promoter and full-length coding sequences devoid of stop codons, were amplified by PCR from T. pseudonana genomic DNA and cloned into a Gateway donor vector, pDONR221 attP1-attP4. The PCR fragment of eGFP was cloned into pDONR221 attP4r-attP3r. Terminator sequences were amplified from T. pseudonana genomic DNA and cloned into pDONR221 attP3-attP2. The respective entry vectors were cloned into the destination vector pM",k,Thaps3_268895
5687,https://www.ncbi.nlm.nih.gov/pmc/articles/PMC11090616,Data availability | Data Availability Statement,unknown,Cite Us Dataset,UCSC Xena,"The RNA sequencing dataset assessing YC-1 treatment has been deposited to the Gene Expression Omnibus (GEO), available with accession number GSE168791 . Mass spectrometry raw data can be accessed through the MassIVE data repository ( massive.ucsd.edu ) under accession numbers MSV000090805 and MSV000090808. The human pan-cancer data were derived from the TCGA Research Network: http://cancergenome.nih.gov/ . The data-set derived from this resource that supports the findings of this study is availa",d,
5751,https://www.ncbi.nlm.nih.gov/pmc/articles/PMC5840869,Acknowledgments,ack,ERC Advanced Grants 670821,European Research Council,"Funding: This work was in part funded by Eli Lilly through the Lilly Research Award Program. V.K. was supported by a postdoctoral fellowship from Helen Hay Whitney Foundation. S.P. was supported by the Alexander von Humboldt Foundation (Germany) as a Feodor-Lynen postdoctoral fellow. M.F. was supported by a Long-Term Fellowship from the European Molecular Biology Organization. R.A. was supported by the European Union 7th Framework Program (PROSPECTS, HEALTH-F4-2008-201648), the European Research",d,
5780,https://www.ncbi.nlm.nih.gov/pmc/articles/PMC8923057,,,GSE159411,GEO,"<p class=""font-secondary""><em>This section collects any data citations, data availability statements, or supplementary materials included in this article.</em></p>  <div class=""caption p""> <span>1</span><p><strong>Figure S1. Differentiation of <em>GATA4-KO</em> and <em>TBX5-KO</em> hiPSC clonal lines into cardiomyocytes.</strong> Related to <a class=""usa-link"" href=""#F1"">Figure 1</a>.</p> <p>(A) Representative immunostaining micrographs for cTNT (green), TBX5 (red) or DAPI (blue) in WT or <em>TB",d,
5780,https://www.ncbi.nlm.nih.gov/pmc/articles/PMC8923057,,,PXD022091,PRIDE,"<p class=""font-secondary""><em>This section collects any data citations, data availability statements, or supplementary materials included in this article.</em></p>  <div class=""caption p""> <span>1</span><p><strong>Figure S1. Differentiation of <em>GATA4-KO</em> and <em>TBX5-KO</em> hiPSC clonal lines into cardiomyocytes.</strong> Related to <a class=""usa-link"" href=""#F1"">Figure 1</a>.</p> <p>(A) Representative immunostaining micrographs for cTNT (green), TBX5 (red) or DAPI (blue) in WT or <em>TB",d,
5781,https://www.ncbi.nlm.nih.gov/pmc/articles/PMC8923057,No Title,tw,CADD v1.6,CADD,"REAGENT or RESOURCE | SOURCE | IDENTIFIER PRROC_1.3.1 | Grau et al. 2015 | https://cran.r-project.org/web/packages/PRROC/index.html MAST v1.16 | Finak et al. 2015 | https://www.bioconductor.org/packages/release/bioc/html/MAST.html homer v4.11.1 | Heinz et al. 2010 | http://homer.ucsd.edu/homer/download.html Other GTEx v8.1.1.9 | GTEx Consortium et al., 2017 | https://www.gtexportal.org/home/datasets iRefIndex v15.0 | Razick et al., 2008 | https://irefindex.vib.be/wiki/index.php/iRefIndex STRING-",k,CADD v1.6
5975,https://www.ncbi.nlm.nih.gov/pmc/articles/PMC10466730,No Title,sm,MOLM-13_DEG-35,Mass Spectrometry Database,"Table S2, Related to Figure 2 . Proteomics data for MOLM-13 cells treated with DEG-35. Table S2, Related to Figure 2 . Mass spectrometry data for MOLM-13 cells treated with DEG-35..",d,
5992,https://www.ncbi.nlm.nih.gov/pmc/articles/PMC6823859,Experimental Design and Strategy,unknown,MaxQuant 1.5.8.3,MaxQuant,"The effects of ERAP2 depletion on the HLA-B*40:02 peptidome were analyzed by quantitative label-free MS. Three independent preparations of the HLA-B*40:02-bound peptides were obtained from each of the cell lines in this study and used as biological replicates, whose reproducibility was assessed by Pearson correlation analyses ( Fig. S1 ). The peptide pools from each individual preparation were separately subjected to MS, and individual peptides were identified from the MS/MS spectra using the Ma",d,
5992,https://www.ncbi.nlm.nih.gov/pmc/articles/PMC6823859,Experimental Design and Strategy,unknown,human UniProt/Swiss-Prot database (release 27-07-18),UniProt,"The effects of ERAP2 depletion on the HLA-B*40:02 peptidome were analyzed by quantitative label-free MS. Three independent preparations of the HLA-B*40:02-bound peptides were obtained from each of the cell lines in this study and used as biological replicates, whose reproducibility was assessed by Pearson correlation analyses ( Fig. S1 ). The peptide pools from each individual preparation were separately subjected to MS, and individual peptides were identified from the MS/MS spectra using the Ma",d,
